    drop table ms_digitals.tbl_branch_bo_tm;
    
    create table ms_digitals.tbl_branch_bo_tm	(
        mapping_id INT GENERATED BY DEFAULT AS IDENTITY NOT NULL,
        other_office_no varchar(250) not null,
        user_ad_id varchar(250) not null
    );

    -- ====== insert into tbl_product_tm ======
	select * from ms_digitals.tbl_product_tm;
	
	delete from ms_digitals.tbl_product_tm;
	
	insert into ms_digitals.tbl_product_tm(product_id,product_name_en, product_name_in)
	values (1,'Investment','Investasi');
	
	insert into ms_digitals.tbl_product_tm(product_id,product_name_en, product_name_in)
	values (2,'Bonds','Obligasi');
	
	insert into ms_digitals.tbl_product_tm(product_id,product_name_en, product_name_in)
	values (3,'Bancassurance','Bancassurance');
    
    insert into ms_digitals.tbl_product_tm(product_id,product_name_en, product_name_in)
	values (4,'Funding','Funding');
	
	select * from ms_digitals.tbl_product_tm;
	
	-- ====== insert into tbl_activity_tm ======
	select * from ms_digitals.tbl_activity_tm;
	delete from ms_digitals.tbl_activity_tm;
	
	insert into ms_digitals.tbl_activity_tm(activity_id,product_id, activity_name_en,activity_name_in)
	values (1,1,'Subscription','Daftar');
	insert into ms_digitals.tbl_activity_tm(activity_id,product_id, activity_name_en,activity_name_in)
	values (2,1,'Redemption','Pencairan');
	insert into ms_digitals.tbl_activity_tm(activity_id,product_id, activity_name_en,activity_name_in)
	values (3,1,'Switching','Pemindahan');
	insert into ms_digitals.tbl_activity_tm(activity_id,product_id, activity_name_en,activity_name_in)
	values (4,2,'Buy','Beli');
	insert into ms_digitals.tbl_activity_tm(activity_id,product_id, activity_name_en,activity_name_in)
	values (5,2,'Sell','Jual');
	insert into ms_digitals.tbl_activity_tm(activity_id,product_id, activity_name_en,activity_name_in)
	values (6,3,'Subcription','Daftar');
    insert into ms_digitals.tbl_activity_tm(activity_id,product_id, activity_name_en,activity_name_in)
	values (7,4,'Account Opening','Account Opening');
	
	
	--===== Insert User Role Management ======-----
	select * from ms_digitals.tbl_user_tm;
	
	delete from ms_digitals.tbl_user_tm;
	
	insert into ms_digitals.tbl_user_tm(user_ad_id,office_no,user_role,last_login,mobile_no,user_status,created_by,updated_by,creation_date,updated_date,user_id_spv,email)
	values('sp_user11','2907','RM',CURRENT TIMESTAMP,'08xxx','ACTIVE','ADMIN','ADMIN',CURRENT TIMESTAMP,CURRENT TIMESTAMP,'sp_user10','m2u.revamp3@maylab.net'); --Bii123456
	insert into ms_digitals.tbl_user_tm(user_ad_id,office_no,user_role,last_login,mobile_no,user_status,created_by,updated_by,creation_date,updated_date,user_id_spv,email)
	values('sp_user10','2907','SPV_RM',CURRENT TIMESTAMP,'08xxx','ACTIVE','ADMIN','ADMIN',CURRENT TIMESTAMP,CURRENT TIMESTAMP,'sp_user10','m2u.revamp3@maylab.net'); --Bii123456
	insert into ms_digitals.tbl_user_tm(user_ad_id,office_no,user_role,last_login,mobile_no,user_status,created_by,updated_by,creation_date,updated_date,user_id_spv,email)
	values('sp_user9','2906','RM',CURRENT TIMESTAMP,'08xxx','ACTIVE','ADMIN','ADMIN',CURRENT TIMESTAMP,CURRENT TIMESTAMP,'sp_user10','m2u.revamp3@maylab.net'); --Bii123456
	insert into ms_digitals.tbl_user_tm(user_ad_id,office_no,user_role,last_login,mobile_no,user_status,created_by,updated_by,creation_date,updated_date,user_id_spv,email)
	values('rmtesting','2909','RM',CURRENT TIMESTAMP,'08xxx','ACTIVE','ADMIN','ADMIN',CURRENT TIMESTAMP,CURRENT TIMESTAMP,'sp_user10','m2u.revamp3@maylab.net'); --Bii123456
	insert into ms_digitals.tbl_user_tm(user_ad_id,office_no,user_role,last_login,mobile_no,user_status,created_by,updated_by,creation_date,updated_date,user_id_spv,email)
	values('botesting','2908','BO',CURRENT TIMESTAMP,'08xxx','ACTIVE','ADMIN','ADMIN',CURRENT TIMESTAMP,CURRENT TIMESTAMP,'sp_user10','m2u.revamp3@maylab.net'); --Bii123456
    
    insert into ms_digitals.tbl_user_tm(user_ad_id,office_no,user_role,last_login,mobile_no,user_status,created_by,updated_by,creation_date,updated_date,user_id_spv,email)
	values('rm_user1','003','RM',CURRENT TIMESTAMP,'08xxx','ACTIVE','ADMIN','ADMIN',CURRENT TIMESTAMP,CURRENT TIMESTAMP,'rm_spv1','m2u.revamp3@maylab.net'); --Bii123456
    insert into ms_digitals.tbl_user_tm(user_ad_id,office_no,user_role,last_login,mobile_no,user_status,created_by,updated_by,creation_date,updated_date,user_id_spv,email)
	values('rm_user2','003','RM',CURRENT TIMESTAMP,'08xxx','ACTIVE','ADMIN','ADMIN',CURRENT TIMESTAMP,CURRENT TIMESTAMP,'rm_spv1','m2u.revamp3@maylab.net'); --Bii123456
    insert into ms_digitals.tbl_user_tm(user_ad_id,office_no,user_role,last_login,mobile_no,user_status,created_by,updated_by,creation_date,updated_date,user_id_spv,email)
	values('rm_user3','001','RM',CURRENT TIMESTAMP,'08xxx','ACTIVE','ADMIN','ADMIN',CURRENT TIMESTAMP,CURRENT TIMESTAMP,'rm_spv2','m2u.revamp3@maylab.net'); --Bii123456
    insert into ms_digitals.tbl_user_tm(user_ad_id,office_no,user_role,last_login,mobile_no,user_status,created_by,updated_by,creation_date,updated_date,user_id_spv,email)
	values('rm_user4','005','RM',CURRENT TIMESTAMP,'08xxx','ACTIVE','ADMIN','ADMIN',CURRENT TIMESTAMP,CURRENT TIMESTAMP,'rm_spv3','m2u.revamp3@maylab.net'); --Bii123456
    
    insert into ms_digitals.tbl_user_tm(user_ad_id,office_no,user_role,last_login,mobile_no,user_status,created_by,updated_by,creation_date,updated_date,user_id_spv,email)
	values('rm_spv1','003','SPV_RM',CURRENT TIMESTAMP,'08xxx','ACTIVE','ADMIN','ADMIN',CURRENT TIMESTAMP,CURRENT TIMESTAMP,'sp_user10','m2u.revamp3@maylab.net'); --Bii123456
    insert into ms_digitals.tbl_user_tm(user_ad_id,office_no,user_role,last_login,mobile_no,user_status,created_by,updated_by,creation_date,updated_date,user_id_spv,email)
	values('rm_spv2','001','SPV_RM',CURRENT TIMESTAMP,'08xxx','ACTIVE','ADMIN','ADMIN',CURRENT TIMESTAMP,CURRENT TIMESTAMP,'sp_user10','m2u.revamp3@maylab.net'); --Bii123456
    insert into ms_digitals.tbl_user_tm(user_ad_id,office_no,user_role,last_login,mobile_no,user_status,created_by,updated_by,creation_date,updated_date,user_id_spv,email)
	values('rm_spv3','005','SPV_RM',CURRENT TIMESTAMP,'08xxx','ACTIVE','ADMIN','ADMIN',CURRENT TIMESTAMP,CURRENT TIMESTAMP,'sp_user10','m2u.revamp3@maylab.net'); --Bii123456

	insert into ms_digitals.tbl_user_tm(user_ad_id,office_no,user_role,last_login,mobile_no,user_status,created_by,updated_by,creation_date,updated_date,user_id_spv,email)
	values('bo_user1','003','BO',CURRENT TIMESTAMP,'08xxx','ACTIVE','ADMIN','ADMIN',CURRENT TIMESTAMP,CURRENT TIMESTAMP,'sp_user10','m2u.revamp3@maylab.net'); --Bii123456
	insert into ms_digitals.tbl_user_tm(user_ad_id,office_no,user_role,last_login,mobile_no,user_status,created_by,updated_by,creation_date,updated_date,user_id_spv,email)
	values('bo_user2','005','BO',CURRENT TIMESTAMP,'08xxx','ACTIVE','ADMIN','ADMIN',CURRENT TIMESTAMP,CURRENT TIMESTAMP,'sp_user10','m2u.revamp3@maylab.net'); --Bii123456

	select * from ms_digitals.tbl_user_tm;
    
    select * from ms_digitals.tbl_branch_bo_tm;
    
    insert into ms_digitals.tbl_branch_bo_tm(user_ad_id, other_office_no) values('botesting','2906');
    insert into ms_digitals.tbl_branch_bo_tm(user_ad_id, other_office_no) values('botesting','2907');
    insert into ms_digitals.tbl_branch_bo_tm(user_ad_id, other_office_no) values('botesting','2909');
    insert into ms_digitals.tbl_branch_bo_tm(user_ad_id, other_office_no) values('bo_user1','003');
    insert into ms_digitals.tbl_branch_bo_tm(user_ad_id, other_office_no) values('bo_user1','001');
    insert into ms_digitals.tbl_branch_bo_tm(user_ad_id, other_office_no) values('bo_user2','005');
    
    select * from ms_digitals.tbl_branch_bo_tm;




select * from ms_digitals.tbl_activity_tm;

select * from ms_digitals.tbl_proposal_doc_detail_tr;